<?xml version="1.0" encoding="UTF-8" ?>  
<!DOCTYPE mapper PUBLIC "-//mybatis.org//DTD Mapper 3.0//EN" "http://mybatis.org/dtd/mybatis-3-mapper.dtd" >
<mapper namespace="com.lxg.springboot.mapper.ApplyMapper">

	<insert id="save" parameterType="com.lxg.springboot.model.Apply">
		insert into apply(id,field,deal,supply,storename,address)
		values (#{id},#{field},#{deal},#{supply},#{storename},#{address})
	</insert>
	
	<update id="update" parameterType="com.lxg.springboot.model.Apply">
		 update apply 
		 set fieldstate=#{fieldstate},dealstate=#{dealstate},supplystate=#{supplystate}
		 where id=#{id}
	</update>
	
	<update id="updatefieldstate" parameterType="com.lxg.springboot.model.Apply">
		 update apply 
		 set fieldstate=#{fieldstate}
		 where id=#{id}
	</update>
	
	<update id="updatedealstate" parameterType="com.lxg.springboot.model.Apply">
		 update apply 
		 set dealstate=#{dealstate}
		 where id=#{id}
	</update>
	
	<update id="updatesupplystate" parameterType="com.lxg.springboot.model.Apply">
		 update apply 
		 set supplystate=#{supplystate}
		 where id=#{id}
	</update>
	
	<update id="updatefield" parameterType="com.lxg.springboot.model.Apply">
		 update apply 
		 set field=#{field}
		 where id=#{id}
	</update>
	
	<update id="updatedeal" parameterType="com.lxg.springboot.model.Apply">
		 update apply 
		 set deal=#{deal}
		 where id=#{id}
	</update>
	
	
	<update id="updatesupply" parameterType="com.lxg.springboot.model.Apply">
		 update apply 
		 set supply=#{supply}
		 where id=#{id}
	</update>
	
	<update id="updatename" parameterType="com.lxg.springboot.model.Apply">
		 update apply 
		 set storename=#{storename}
		 where id=#{id}
	</update>
	
	<update id="updateaddress" parameterType="com.lxg.springboot.model.Apply">
		 update apply 
		 set address=#{address}
		 where id=#{id}
	</update>
	
	<select id="queryone" parameterType="com.lxg.springboot.model.Apply" resultType="com.lxg.springboot.model.Apply">
			select * from apply where id=#{id}
	</select>
	
	<select id="query" parameterType="com.lxg.springboot.model.Apply" resultType="com.lxg.springboot.model.Apply">
		SELECT apply.id,apply.deal,apply.dealstate,apply.field,apply.fieldstate,apply.supply,apply.supplystate,apply.storename,field.address as fieldaddress,deal.address as dealaddress,supply.address as supplyaddress from apply LEFT JOIN field ON apply.field = field.openid LEFT JOIN deal ON apply.deal=deal.openid LEFT JOIN supply ON apply.supply=supply.openid 
		order by id desc
		limit #{page},#{pagenum}
	</select>	
	
	<select id="querybyad" parameterType="com.lxg.springboot.model.Apply" resultType="com.lxg.springboot.model.Apply">
		SELECT apply.id,apply.deal,apply.dealstate,apply.field,apply.fieldstate,apply.supply,apply.supplystate,apply.storename,field.address as fieldaddress,deal.address as dealaddress,supply.address as supplyaddress from apply LEFT JOIN field ON apply.field = field.openid LEFT JOIN deal ON apply.deal=deal.openid LEFT JOIN supply ON apply.supply=supply.openid where ( field.address like CONCAT('%',#{address},'%') or deal.address like CONCAT('%',#{address},'%') or supply.address like CONCAT('%',#{address},'%'))  ORDER BY id DESC
		limit #{page},#{pagenum}
	</select>
	
	<select id="querymax" resultType="int">
			select max(id) from apply
	</select>
	
	<select id="querypage" parameterType="com.lxg.springboot.model.Apply" resultType="int">
			select count(id) from apply
	</select>
		
	<select id="querypagead" parameterType="com.lxg.springboot.model.Apply" resultType="int">
			SELECT count(apply.id) from apply LEFT JOIN field ON apply.field = field.openid LEFT JOIN deal ON apply.deal=deal.openid LEFT JOIN supply ON apply.supply=supply.openid where ( field.address like CONCAT('%',#{address},'%') or deal.address like CONCAT('%',#{address},'%') or supply.address like CONCAT('%',#{address},'%'))
	</select>
	
	<select id="fieldcount" parameterType="com.lxg.springboot.model.Apply" resultType="int">
			select count(id) from apply where field = #{field}
	</select>
	
	<select id="dealcount" parameterType="com.lxg.springboot.model.Apply" resultType="int">
			select count(id) from apply where deal = #{deal}
	</select>
	
	<select id="supplycount" parameterType="com.lxg.springboot.model.Apply" resultType="int">
			select count(id) from apply where deal = #{deal}
	</select>
</mapper>  