<?xml version="1.0" encoding="UTF-8" ?>  
<!DOCTYPE mapper PUBLIC "-//mybatis.org//DTD Mapper 3.0//EN" "http://mybatis.org/dtd/mybatis-3-mapper.dtd" >
<mapper namespace="com.lxg.springboot.mapper.ApplyMapper">

	<insert id="save" parameterType="com.lxg.springboot.model.Apply">
		insert into apply(id,field,deal,supply)
		values (#{id},#{field},#{deal},#{supply})
	</insert>
	
	<update id="update" parameterType="com.lxg.springboot.model.Apply">
		 update apply 
		 set field=#{field},deal=#{deal},supply=#{supply},fieldstate=#{fieldstate},dealstate=#{dealstate},supplystate=#{supplystate}
		 where id=#{id}
	</update>
	
	<update id="updatefield" parameterType="com.lxg.springboot.model.Apply">
		 update apply 
		 set deal=#{deal}
		 where id=#{id}
	</update>
	
	<update id="updatedeal" parameterType="com.lxg.springboot.model.Apply">
		 update apply 
		 set field=#{field}
		 where id=#{id}
	</update>
	
	
	<update id="updatesupply" parameterType="com.lxg.springboot.model.Apply">
		 update apply 
		 set supply=#{supply}
		 where id=#{id}
	</update>
	
</mapper>  