<?xml version="1.0" encoding="UTF-8" ?>  
<!DOCTYPE mapper PUBLIC "-//mybatis.org//DTD Mapper 3.0//EN" "http://mybatis.org/dtd/mybatis-3-mapper.dtd" >
<mapper namespace="com.lxg.springboot.mapper.OrderMapper">

	<insert id="save" parameterType="com.lxg.springboot.model.Order">
		insert into orders(orderNo,mch_id,openid,description,fee,charges,time,usedScore,bonusScore,state,checkstate,storeid)
		values (#{orderNo},#{mch_id},#{openid},#{description},#{fee},#{charges},#{time},#{usedScore},#{bonusScore},#{state},#{checkstate},#{storeid})
	</insert>
	
	<update id="update" parameterType="com.lxg.springboot.model.Order">
		 update orders 
		 set state=#{state}
		 where orderNo=#{orderNo}
	</update>
	
	<update id="updatecheck" parameterType="com.lxg.springboot.model.Order">
		 update orders 
		 set checkstate=#{checkstate}
		 where orderNo=#{orderNo}
	</update>
	
	<select id="query" parameterType="com.lxg.springboot.model.Order" resultType="com.lxg.springboot.model.Order">
		select * from orders 
		where openid=#{openid}
	</select>
	
	<select id="querybyno" parameterType="com.lxg.springboot.model.Order" resultType="com.lxg.springboot.model.Order">
		select * from orders 
		where orderNo=#{orderNo}
	</select>
	
	<select id="queryshop" parameterType="com.lxg.springboot.model.Order" resultType="com.lxg.springboot.model.Order">
		select * from orders 
		where storeid=#{storeid}
	</select>
	
	<insert id="savegood" parameterType="com.lxg.springboot.model.OrderGood">
		insert into ordergood(orderNo,code,amount,storeid,price,name,specifi)
		values (#{orderNo},#{code},#{amount},#{storeid},#{price},#{name},#{specifi})
	</insert>
	
	<select id="queryGood" parameterType="com.lxg.springboot.model.OrderGood" resultType="com.lxg.springboot.model.OrderGood">
		select * from ordergood 
		where orderNo=#{orderNo}
	</select>
	
	<select id="querybypage" parameterType="com.lxg.springboot.model.Order" resultType="com.lxg.springboot.model.Order">
		select * from orders
		where openid=#{openid}
		order by time DESC
		limit #{page},5
	</select>	

	<select id="querytotalpage" resultType="int">
		select count(orderNo) from orders where openid=#{openid}
	</select>
	
	
	<select id="querybypageshop" parameterType="com.lxg.springboot.model.Order" resultType="com.lxg.springboot.model.Order">
		select * from orders
		where storeid=#{storeid}
		order by time DESC
		limit #{page},5
	</select>	

	<select id="querytotalpageshop" resultType="int">
		select count(orderNo) from orders where storeid=#{storeid}
	</select>
</mapper>  