<?xml version="1.0" encoding="UTF-8" ?>  
<!DOCTYPE mapper PUBLIC "-//mybatis.org//DTD Mapper 3.0//EN" "http://mybatis.org/dtd/mybatis-3-mapper.dtd" >
<mapper namespace="com.lxg.springboot.mapper.WithDrawMapper">

	<insert id="save" parameterType="com.lxg.springboot.model.Order">
		insert into withdraw(orderNo,mch_id,openid,description,fee,charges,time,usedScore,bonusScore,state)
		values (#{orderNo},#{mch_id},#{openid},#{description},#{fee},#{charges},#{time},#{usedScore},#{bonusScore},#{state})
	</insert>
	
	<update id="update" parameterType="com.lxg.springboot.model.Order">
		 update withdraw 
		 set state=#{state}
		 where orderNo=#{orderNo}
	</update>
	
	<select id="query" parameterType="String" resultType="com.lxg.springboot.model.Order">
		select * from withdraw 
		where openid=#{openid}
	</select>
	
	<insert id="save" parameterType="com.lxg.springboot.model.WithDrawDay">
		insert into withdrawday(openid,fee,time,state,storeid)
		values (#{openid},#{fee},#{time},#{state},#{storeid})
	</insert>
	
	<update id="update" parameterType="com.lxg.springboot.model.WithDrawDay">
		 update withdrawday 
		 set state=#{state}
		 where storeid=#{storeid} and time=#{time}
	</update>
	
</mapper>  